{
    "total_runtime": 296.72124671936035,
    "num_documents": 1,
    "input_load_time": 0,
    "workflows": {
        "create_base_text_units": {
            "overall": 9.204497337341309,
            "0_orderby": 0.011708498001098633,
            "1_zip": 0.008222579956054688,
            "2_aggregate_override": 0.0037610530853271484,
            "3_chunk": 8.986676216125488,
            "4_select": 0.015540122985839844,
            "5_unroll": 0.018227100372314453,
            "6_rename": 0.013718605041503906,
            "7_genid": 0.03199934959411621,
            "8_unzip": 0.019392013549804688,
            "9_copy": 0.01204228401184082,
            "10_filter": 0.06739044189453125
        },
        "create_base_extracted_entities": {
            "overall": 215.8515498638153,
            "0_entity_extract": 215.37969660758972,
            "1_merge_graphs": 0.4616868495941162
        },
        "create_summarized_entities": {
            "overall": 47.249061584472656,
            "0_summarize_descriptions": 47.21730709075928
        },
        "create_base_entity_graph": {
            "overall": 0.9899618625640869,
            "0_cluster_graph": 0.926802396774292,
            "1_select": 0.04708719253540039
        },
        "create_final_entities": {
            "overall": 9.367968559265137,
            "0_unpack_graph": 0.3729732036590576,
            "1_rename": 0.06704282760620117,
            "2_select": 0.01941204071044922,
            "3_dedupe": 0.01428365707397461,
            "4_rename": 0.033643484115600586,
            "5_filter": 0.09444189071655273,
            "6_text_split": 0.07195639610290527,
            "7_drop": 0.021212100982666016,
            "8_merge": 0.4866807460784912,
            "9_text_embed": 7.993626594543457,
            "10_drop": 0.03732609748840332,
            "11_filter": 0.12615299224853516
        },
        "create_final_nodes": {
            "overall": 3.551666498184204,
            "0_layout_graph": 1.5787367820739746,
            "1_unpack_graph": 0.7762660980224609,
            "2_unpack_graph": 0.4686923027038574,
            "3_drop": 0.04783034324645996,
            "4_filter": 0.18963050842285156,
            "5_select": 0.047849416732788086,
            "6_rename": 0.0516057014465332,
            "7_convert": 0.21809864044189453,
            "8_join": 0.0782315731048584,
            "9_rename": 0.047354698181152344
        },
        "create_final_communities": {
            "overall": 3.6882243156433105,
            "0_unpack_graph": 0.536402702331543,
            "1_unpack_graph": 0.6792843341827393,
            "2_aggregate_override": 0.047351837158203125,
            "3_join": 0.0951235294342041,
            "4_join": 0.09619808197021484,
            "5_concat": 0.18717217445373535,
            "6_filter": 1.3449842929840088,
            "7_aggregate_override": 0.09854483604431152,
            "8_join": 0.06288576126098633,
            "9_filter": 0.1891021728515625,
            "10_fill": 0.057462453842163086,
            "11_merge": 0.10004138946533203,
            "12_copy": 0.06290817260742188,
            "13_select": 0.06302738189697266
        },
        "join_text_units_to_entity_ids": {
            "overall": 0.36220526695251465,
            "0_select": 0.06257915496826172,
            "1_unroll": 0.061277151107788086,
            "2_aggregate_override": 0.17312884330749512
        },
        "create_final_relationships": {
            "overall": 1.941040277481079,
            "0_unpack_graph": 0.5081932544708252,
            "1_filter": 0.35845351219177246,
            "2_rename": 0.08157515525817871,
            "3_filter": 0.47104978561401367,
            "4_drop": 0.07862377166748047,
            "5_compute_edge_combined_degree": 0.08925104141235352,
            "6_convert": 0.21228265762329102,
            "7_convert": 0.07711648941040039
        },
        "join_text_units_to_relationship_ids": {
            "overall": 0.5039334297180176,
            "0_select": 0.06908464431762695,
            "1_unroll": 0.08016777038574219,
            "2_aggregate_override": 0.20406603813171387,
            "3_select": 0.07869744300842285
        }
    }
}